Year,App.,Taxon,Class,Order,Family,Genus,Importer,Exporter,Origin,imported in kgs,Importer reported quantity,Exporter reported quantity,Exported in kgs,Total Quantity,Term,Unit,Purpose,Source
2016,I,Crocodylus siamensis,Reptilia,Crocodylia,Crocodylidae,Crocodylus,HK,SG,TH,3.51,3.51,7.02,7.02,10.53,oil,kg,T,D
2016,I,Cacatua moluccensis,Aves,Psittaciformes,Cacatuidae,Cacatua,BR,PT,FR,0,0,2,2,2,live,qty,T,C
2016,I,Cacatua moluccensis,Aves,Psittaciformes,Cacatuidae,Cacatua,BR,PT,null,0,0,2,2,2,live,qty,T,C
2016,I,Cacatua moluccensis,Aves,Psittaciformes,Cacatuidae,Cacatua,BS,US,null,0,0,1,1,1,live,qty,Q,F
2016,I,Cacatua moluccensis,Aves,Psittaciformes,Cacatuidae,Cacatua,CA,US,CA,0,0,1,1,1,live,qty,P,C
2016,I,Cacatua moluccensis,Aves,Psittaciformes,Cacatuidae,Cacatua,CA,US,CA,0,0,1,1,1,live,qty,P,O
2016,I,Cacatua moluccensis,Aves,Psittaciformes,Cacatuidae,Cacatua,CA,US,null,0,0,2,2,2,live,qty,P,F
2016,I,Cacatua moluccensis,Aves,Psittaciformes,Cacatuidae,Cacatua,CR,US,null,0,0,1,1,1,live,qty,P,F
2016,I,Cacatua moluccensis,Aves,Psittaciformes,Cacatuidae,Cacatua,KG,KZ,NULL,0,0,1,1,1,live,qty,Q,W
2016,I,Cacatua moluccensis,Aves,Psittaciformes,Cacatuidae,Cacatua,KW,ES,null,0,0,2,2,2,live,qty,T,C
2016,I,Cacatua moluccensis,Aves,Psittaciformes,Cacatuidae,Cacatua,NL,SG,null,0,0,16,16,16,specimens,qty,S,C
2016,I,Cacatua moluccensis,Aves,Psittaciformes,Cacatuidae,Cacatua,SR,NL,BE,0,0,1,1,1,live,qty,T,C
2016,I,Cacatua moluccensis,Aves,Psittaciformes,Cacatuidae,Cacatua,SR,NL,null,0,0,1,1,1,live,qty,P,F
2016,I,Cacatua moluccensis,Aves,Psittaciformes,Cacatuidae,Cacatua,TW,SG,null,0,0,30,30,30,live,qty,T,D
2016,I,Cacatua moluccensis,Aves,Psittaciformes,Cacatuidae,Cacatua,US,BS,null,0,0,1,1,1,live,qty,Q,C
2016,I,Cacatua moluccensis,Aves,Psittaciformes,Cacatuidae,Cacatua,US,SG,null,0,0,2,2,2,specimens,qty,S,C
2016,I,Cacatua sulphurea,Aves,Psittaciformes,Cacatuidae,Cacatua,BH,BE,DE,0,0,1,1,1,live,qty,T,C
2016,I,Cacatua sulphurea,Aves,Psittaciformes,Cacatuidae,Cacatua,CA,US,CA,0,0,1,1,1,live,qty,P,C
2016,I,Cacatua sulphurea,Aves,Psittaciformes,Cacatuidae,Cacatua,CH,ES,null,0,0,1,1,1,live,qty,T,C
2016,I,Cacatua sulphurea,Aves,Psittaciformes,Cacatuidae,Cacatua,CH,FR,null,0,0,1,1,1,live,qty,T,C
2016,I,Cacatua sulphurea,Aves,Psittaciformes,Cacatuidae,Cacatua,KR,PH,null,0,0,1,1,1,live,qty,Z,C
2016,I,Cacatua sulphurea,Aves,Psittaciformes,Cacatuidae,Cacatua,NL,SG,null,0,0,6,6,6,specimens,qty,M,C
2016,I,Cacatua sulphurea,Aves,Psittaciformes,Cacatuidae,Cacatua,NL,SG,null,0,0,3,3,3,specimens,qty,S,C
2016,I,Cacatua sulphurea,Aves,Psittaciformes,Cacatuidae,Cacatua,NO,DK,DE,0,0,1,1,1,live,qty,T,C
2016,I,Cacatua sulphurea,Aves,Psittaciformes,Cacatuidae,Cacatua,PA,NL,CZ,0,0,4,4,4,live,qty,T,C
2016,I,Cacatua sulphurea,Aves,Psittaciformes,Cacatuidae,Cacatua,TW,BE,AT,0,0,1,1,1,live,qty,T,C
2016,I,Cacatua sulphurea,Aves,Psittaciformes,Cacatuidae,Cacatua,TW,BE,DE,0,0,1,1,1,live,qty,T,C
2016,I,Cacatua sulphurea,Aves,Psittaciformes,Cacatuidae,Cacatua,TW,BE,DK,0,0,2,2,2,live,qty,T,C
2016,I,Cacatua sulphurea,Aves,Psittaciformes,Cacatuidae,Cacatua,TW,BE,HU,0,0,1,1,1,live,qty,T,C
2016,I,Cacatua sulphurea,Aves,Psittaciformes,Cacatuidae,Cacatua,TW,BE,IT,0,0,1,1,1,live,qty,T,C
2016,I,Cacatua sulphurea,Aves,Psittaciformes,Cacatuidae,Cacatua,TW,BE,null,0,0,2,2,2,live,qty,T,F
2016,I,Cacatua sulphurea,Aves,Psittaciformes,Cacatuidae,Cacatua,TW,SG,null,0,0,30,30,30,live,qty,B,C
2016,I,Cacatua sulphurea,Aves,Psittaciformes,Cacatuidae,Cacatua,US,SG,null,0,0,24,24,24,specimens,qty,M,C
2016,I,Probosciger aterrimus,Aves,Psittaciformes,Cacatuidae,Probosciger,BG,UZ,null,0,0,4,4,4,live,qty,T,C
2016,I,Probosciger aterrimus,Aves,Psittaciformes,Cacatuidae,Probosciger,DE,PH,null,0,0,28,28,28,feathers,qty,M,C
2016,I,Probosciger aterrimus,Aves,Psittaciformes,Cacatuidae,Probosciger,DE,PH,null,0,0,20,20,20,live,qty,B,C
2016,I,Probosciger aterrimus,Aves,Psittaciformes,Cacatuidae,Probosciger,DE,PH,null,0,0,56,56,56,specimens,qty,M,C
2016,I,Probosciger aterrimus,Aves,Psittaciformes,Cacatuidae,Probosciger,FR,SG,null,0,0,5,5,5,specimens,qty,Z,C
2016,I,Probosciger aterrimus,Aves,Psittaciformes,Cacatuidae,Probosciger,IR,KW,PH,0,0,4,4,4,live,qty,T,C
2016,I,Probosciger aterrimus,Aves,Psittaciformes,Cacatuidae,Probosciger,NL,SG,null,0,0,9,9,9,specimens,qty,M,C
2016,I,Probosciger aterrimus,Aves,Psittaciformes,Cacatuidae,Probosciger,NL,SG,null,0,0,11,11,11,specimens,qty,S,C
2016,I,Probosciger aterrimus,Aves,Psittaciformes,Cacatuidae,Probosciger,SA,KW,PH,0,0,5,5,5,live,qty,P,C
2016,I,Probosciger aterrimus,Aves,Psittaciformes,Cacatuidae,Probosciger,SA,KW,PH,0,0,3,3,3,live,qty,T,C
2016,I,Probosciger aterrimus,Aves,Psittaciformes,Cacatuidae,Probosciger,US,SG,null,0,0,36,36,36,specimens,qty,M,C
2016,I,Probosciger aterrimus,Aves,Psittaciformes,Cacatuidae,Probosciger,ZA,PL,NULL,0,0,1,1,1,live,qty,Z,U
2016,II,Acipenser baerii,Actinopteri,Acipenseriformes,Acipenseridae,Acipenser,AE,FR,CN,1.8,1.8,3.65,3.65,5.45,caviar,kg,T,C
2016,II,Acipenser baerii,Actinopteri,Acipenseriformes,Acipenseridae,Acipenser,AE,FR,IT,3750,3750,37.629,37.629,3787.629,caviar,kg,T,C
2016,II,Acipenser baerii,Actinopteri,Acipenseriformes,Acipenseridae,Acipenser,AE,FR,PL,4.5,4.5,8.25,8.25,12.75,caviar,kg,T,C
2016,II,Acipenser baerii,Actinopteri,Acipenseriformes,Acipenseridae,Acipenser,CN,DE,FR,0.09588,95.88,1935.83055,1.93583055,2.03171055,extract,g,T,C
2016,II,Acipenser baerii,Actinopteri,Acipenseriformes,Acipenseridae,Acipenser,DE,US,FR,0.0001644,0.1644,0.11,0.00011,0.0002744,extract,g,T,C
2016,II,Acipenser baerii,Actinopteri,Acipenseriformes,Acipenseridae,Acipenser,FR,CN,FR,510,510,1510,1510,2020,caviar,kg,T,C
2016,II,Acipenser baerii,Actinopteri,Acipenseriformes,Acipenseridae,Acipenser,FR,FR,PL,0.3,0.3,0.3,0.3,0.6,caviar,kg,T,C
2016,II,Acipenser baerii,Actinopteri,Acipenseriformes,Acipenseridae,Acipenser,JP,FR,IT,287.865,287.865,297.015,297.015,584.88,caviar,kg,T,C
2016,II,Acipenser baerii,Actinopteri,Acipenseriformes,Acipenseridae,Acipenser,MC,FR,IT,1.5,1.5,1.7,1.7,3.2,caviar,kg,T,C
2016,II,Acipenser baerii,Actinopteri,Acipenseriformes,Acipenseridae,Acipenser,NO,AT,FR,0.47558,475.58,10951.81,10.95181,11.42739,cosmetics,g,T,C
2016,II,Acipenser baerii,Actinopteri,Acipenseriformes,Acipenseridae,Acipenser,NO,BE,CN,15.5,15.5,16.5,16.5,32,caviar,kg,T,C
2016,II,Acipenser baerii,Actinopteri,Acipenseriformes,Acipenseridae,Acipenser,NO,DE,FR,0.00016465,0.16465,6.35487,0.00635487,0.00651952,extract,g,T,C
2016,II,Acipenser baerii,Actinopteri,Acipenseriformes,Acipenseridae,Acipenser,NO,DE,IT,0.00081201,0.81201,41.37084,0.04137084,0.04218285,extract,g,T,C
2016,II,Acipenser baerii,Actinopteri,Acipenseriformes,Acipenseridae,Acipenser,SG,DE,FR,0.00267,2.67,85.7905,0.0857905,0.0884605,extract,g,T,C
2016,II,Acipenser baerii,Actinopteri,Acipenseriformes,Acipenseridae,Acipenser,SG,DE,IT,0.041937,41.937,452.099,0.452099,0.494036,extract,g,T,C
2016,II,Acipenser baerii,Actinopteri,Acipenseriformes,Acipenseridae,Acipenser,SG,FR,CN,7.61,7.61,7.61,7.61,15.22,caviar,kg,T,C
2016,II,Acipenser baerii,Actinopteri,Acipenseriformes,Acipenseridae,Acipenser,SG,FR,IT,27.125,27.125,26.675,26.675,53.8,caviar,kg,T,C
2016,II,Acipenser baerii,Actinopteri,Acipenseriformes,Acipenseridae,Acipenser,US,BE,CN,53.02,53.02,53.02,53.02,106.04,caviar,kg,T,C
2016,II,Acipenser baerii,Actinopteri,Acipenseriformes,Acipenseridae,Acipenser,US,DE,CN,8.81,8.81,17.588,17.588,26.398,caviar,kg,T,C
2016,II,Acipenser baerii,Actinopteri,Acipenseriformes,Acipenseridae,Acipenser,US,DE,FR,28.09428,28094.28,51.7324,0.0517324,28.1460124,extract,g,T,C
2016,II,Acipenser baerii,Actinopteri,Acipenseriformes,Acipenseridae,Acipenser,US,DE,FR,0.001073,1073,200.34,0.00020034,0.00127334,extract,mg,T,C
2016,II,Acipenser baerii,Actinopteri,Acipenseriformes,Acipenseridae,Acipenser,US,DE,IT,0.00203709,2037.09,18691.2,0.0186912,0.02072829,extract,mg,T,C
2016,II,Acipenser baerii,Actinopteri,Acipenseriformes,Acipenseridae,Acipenser,US,FR,CN,110.76,110.76,122.867,122.867,233.627,caviar,kg,T,C
2016,II,Acipenser baerii,Actinopteri,Acipenseriformes,Acipenseridae,Acipenser,US,FR,GR,98.77,98.77,98.762,98.762,197.532,caviar,kg,T,C
2016,II,Acipenser baerii,Actinopteri,Acipenseriformes,Acipenseridae,Acipenser,US,FR,IT,18.07,18.07,20.996,20.996,39.066,caviar,kg,T,C
2016,II,Acipenser baerii,Actinopteri,Acipenseriformes,Acipenseridae,Acipenser,UY,BE,CN,245.545,245.545,185.22,185.22,430.765,caviar,kg,T,C
2016,II,Acipenser baerii x naccarii,Actinopteri,Acipenseriformes,Acipenseridae,Acipenser,HK,FR,IT,0.286,0.286,0.0001,0.0001,0.2861,cosmetics,kg,T,C
2016,II,Acipenser gueldenstaedtii,Actinopteri,Acipenseriformes,Acipenseridae,Acipenser,AE,FR,CN,1.7,1.7,94.754,94.754,96.454,caviar,kg,T,C
2016,II,Acipenser gueldenstaedtii,Actinopteri,Acipenseriformes,Acipenseridae,Acipenser,AE,LU,PL,20.26,20.26,20.26,20.26,40.52,caviar,kg,T,C
2016,II,Acipenser gueldenstaedtii,Actinopteri,Acipenseriformes,Acipenseridae,Acipenser,FR,FR,BG,2.46,2.46,0.24,0.24,2.7,caviar,kg,T,C
2016,II,Acipenser gueldenstaedtii,Actinopteri,Acipenseriformes,Acipenseridae,Acipenser,FR,FR,CN,13.843,13.843,9.52,9.52,23.363,caviar,kg,T,C
2016,II,Acipenser gueldenstaedtii,Actinopteri,Acipenseriformes,Acipenseridae,Acipenser,FR,FR,IL,1.76,1.76,0.63,0.63,2.39,caviar,kg,T,C
2016,II,Acipenser gueldenstaedtii,Actinopteri,Acipenseriformes,Acipenseridae,Acipenser,FR,FR,IT,0.84,0.84,13.33,13.33,14.17,caviar,kg,T,C
2016,II,Acipenser gueldenstaedtii,Actinopteri,Acipenseriformes,Acipenseridae,Acipenser,JP,FR,BG,206.785,206.785,218.225,218.225,425.01,caviar,kg,T,C
2016,II,Acipenser gueldenstaedtii,Actinopteri,Acipenseriformes,Acipenseridae,Acipenser,SG,FR,IT,0.09,0.09,0.39,0.39,0.48,caviar,kg,T,C
2016,II,Acipenser gueldenstaedtii,Actinopteri,Acipenseriformes,Acipenseridae,Acipenser,SG,HK,CN,0.1,0.1,0.1,0.1,0.2,eggs,kg,T,C
2016,II,Acipenser gueldenstaedtii,Actinopteri,Acipenseriformes,Acipenseridae,Acipenser,US,AE,PL,10.133,10133,127133,127.133,137.266,caviar,g,T,C
2016,II,Acipenser gueldenstaedtii,Actinopteri,Acipenseriformes,Acipenseridae,Acipenser,US,BE,CN,96.14,96.14,96.14,96.14,192.28,caviar,kg,T,C
2016,II,Acipenser gueldenstaedtii,Actinopteri,Acipenseriformes,Acipenseridae,Acipenser,US,DE,CN,118.47,118.47,126.808,126.808,245.278,caviar,kg,T,C
2016,II,Acipenser gueldenstaedtii,Actinopteri,Acipenseriformes,Acipenseridae,Acipenser,US,DE,FR,40.6134,40613.4,455.50185,0.45550185,41.06890185,extract,g,T,C
2016,II,Acipenser gueldenstaedtii,Actinopteri,Acipenseriformes,Acipenseridae,Acipenser,US,DE,IT,0.017,17,0.088,0.000088,0.017088,extract,g,T,C
2016,II,Acipenser gueldenstaedtii,Actinopteri,Acipenseriformes,Acipenseridae,Acipenser,US,FR,BG,7.61,7.61,7.638,7.638,15.248,caviar,kg,T,C
2016,II,Acipenser gueldenstaedtii,Actinopteri,Acipenseriformes,Acipenseridae,Acipenser,US,FR,CN,173.67,173.67,176.528,176.528,350.198,caviar,kg,T,C
2016,II,Acipenser gueldenstaedtii,Actinopteri,Acipenseriformes,Acipenseridae,Acipenser,US,FR,GR,31.52,31.52,31.518,31.518,63.038,caviar,kg,T,C
2016,II,Acipenser gueldenstaedtii,Actinopteri,Acipenseriformes,Acipenseridae,Acipenser,US,FR,IL,142.97,142.97,142.966,142.966,285.936,caviar,kg,T,C
2016,II,Acipenser gueldenstaedtii,Actinopteri,Acipenseriformes,Acipenseridae,Acipenser,US,FR,IT,7.5,7.5,7.532,7.532,15.032,caviar,kg,T,C
2016,II,Acipenser schrenckii,Actinopteri,Acipenseriformes,Acipenseridae,Acipenser,MC,FR,CN,0.5,0.5,0.5,0.5,1,caviar,kg,T,C
2016,II,Acipenser schrenckii,Actinopteri,Acipenseriformes,Acipenseridae,Acipenser,SG,HK,CN,0.1,0.1,0.1,0.1,0.2,eggs,kg,T,C
2016,II,Acipenser schrenckii,Actinopteri,Acipenseriformes,Acipenseridae,Acipenser,US,DE,CN,14.1,14.1,14.1,14.1,28.2,caviar,kg,T,C
2016,II,Acipenser schrenckii,Actinopteri,Acipenseriformes,Acipenseridae,Acipenser,US,FR,CN,237.46,237.46,141.474,141.474,378.934,caviar,kg,T,C
2016,II,Acipenser stellatus,Actinopteri,Acipenseriformes,Acipenseridae,Acipenser,US,FR,BG,3.14,3.14,3.46,3.46,6.6,caviar,kg,T,C
2016,II,Acipenser transmontanus,Actinopteri,Acipenseriformes,Acipenseridae,Acipenser,DE,US,IT,0.0105892,10.5892,10.5,0.0105,0.0210892,extract,g,T,C
2016,II,Acipenser transmontanus,Actinopteri,Acipenseriformes,Acipenseridae,Acipenser,FR,FR,IT,0.625,0.625,8.02,8.02,8.645,caviar,kg,T,C
2016,II,Acipenser transmontanus,Actinopteri,Acipenseriformes,Acipenseridae,Acipenser,FR,FR,US,4.147,4.147,1.2,1.2,5.347,caviar,kg,T,F
2016,II,Acipenser transmontanus,Actinopteri,Acipenseriformes,Acipenseridae,Acipenser,HK,FR,IT,0.089,0.089,0.0001,0.0001,0.0891,cosmetics,kg,T,C
2016,II,Acipenser transmontanus,Actinopteri,Acipenseriformes,Acipenseridae,Acipenser,HK,FR,US,1.076,1.076,7.229,7.229,8.305,caviar,kg,T,F
2016,II,Acipenser transmontanus,Actinopteri,Acipenseriformes,Acipenseridae,Acipenser,JP,FR,IT,236.665,236.665,246.99,246.99,483.655,caviar,kg,T,C
2016,II,Acipenser transmontanus,Actinopteri,Acipenseriformes,Acipenseridae,Acipenser,JP,FR,US,3.786,3.786,11.875,11.875,15.661,caviar,kg,T,F
2016,II,Acipenser transmontanus,Actinopteri,Acipenseriformes,Acipenseridae,Acipenser,MC,FR,IT,7.15,7.15,15.11,15.11,22.26,caviar,kg,T,C
2016,II,Acipenser transmontanus,Actinopteri,Acipenseriformes,Acipenseridae,Acipenser,SG,FR,IT,30.113,30.113,29.663,29.663,59.776,caviar,kg,T,C
2016,II,Acipenser transmontanus,Actinopteri,Acipenseriformes,Acipenseridae,Acipenser,SG,FR,US,5,5,5,5,10,caviar,kg,T,F
2016,II,Acipenser transmontanus,Actinopteri,Acipenseriformes,Acipenseridae,Acipenser,US,FR,IT,135.15,135.15,136.475,136.475,271.625,caviar,kg,T,C
2016,II,Acipenser transmontanus,Actinopteri,Acipenseriformes,Acipenseridae,Acipenser,US,FR,US,236.49,236.49,33.963,33.963,270.453,caviar,kg,T,F
2016,II,Huso dauricus,Actinopteri,Acipenseriformes,Acipenseridae,Huso,SG,HK,CN,0.1,0.1,0.1,0.1,0.2,eggs,kg,T,C
2016,II,Huso huso,Actinopteri,Acipenseriformes,Acipenseridae,Huso,MC,FR,CN,0.745,0.745,3.235,3.235,3.98,caviar,kg,T,C
2016,II,Huso huso,Actinopteri,Acipenseriformes,Acipenseridae,Huso,NZ,FR,CN,0.19,0.19,0.19,0.19,0.38,caviar,kg,T,C
2016,II,Huso huso,Actinopteri,Acipenseriformes,Acipenseridae,Huso,SG,FR,BG,0.39,0.39,0.39,0.39,0.78,caviar,kg,T,C
2016,II,Huso huso,Actinopteri,Acipenseriformes,Acipenseridae,Huso,SG,FR,CN,1.5,1.5,1.56,1.56,3.06,caviar,kg,T,C
2016,II,Alligator mississippiensis,Reptilia,Crocodylia,Alligatoridae,Alligator,TR,FR,US,321,321,321,321,642,skin pieces,kg,T,W
2016,II,Caiman crocodilus yacare,Reptilia,Crocodylia,Alligatoridae,Caiman,TR,ES,BO,13.4,13.4,31.27,31.27,44.67,skin pieces,kg,T,W
2016,II,Caiman crocodilus yacare,Reptilia,Crocodylia,Alligatoridae,Caiman,US,ES,BO,17.55,17.55,17.55,17.55,35.1,skin pieces,kg,T,W
2016,II,Anguilla anguilla,Actinopteri,Anguilliformes,Anguillidae,Anguilla,JP,CN,ES,1169031.4,1169031.4,1113231,1113231,2282262.4,meat,kg,T,W
2016,II,Anguilla anguilla,Actinopteri,Anguilliformes,Anguillidae,Anguilla,JP,CN,FR,2781122.6,2781122.6,2625779,2625779,5406901.6,meat,kg,T,W
2016,II,Anguilla anguilla,Actinopteri,Anguilliformes,Anguillidae,Anguilla,JP,CN,MA,410460,410460,403820,403820,814280,meat,kg,T,W
2016,II,Anguilla anguilla,Actinopteri,Anguilliformes,Anguillidae,Anguilla,US,CN,FR,52500,52500,52500,52500,105000,meat,kg,T,W
2016,II,Saiga tatarica,Mammalia,Artiodactyla,Bovidae,Saiga,JP,SG,KZ,422.7,422.7,422.7,422.7,845.4,horns,kg,T,W
2016,II,Vicugna vicugna,Mammalia,Artiodactyla,Camelidae,Vicugna,CN,IT,PE,1.07,1.07,32.15,32.15,33.22,fibres,kg,T,W
2016,II,Vicugna vicugna,Mammalia,Artiodactyla,Camelidae,Vicugna,DE,AR,BO,498.9,498.9,498.9,498.9,997.8,hair,kg,T,W
2016,II,Vicugna vicugna,Mammalia,Artiodactyla,Camelidae,Vicugna,DE,AR,PE,61.8,61.8,61.8,61.8,123.6,hair,kg,T,W
2016,II,Vicugna vicugna,Mammalia,Artiodactyla,Camelidae,Vicugna,JP,GB,PE,11.593,11.593,13.868,13.868,25.461,cloth,kg,T,W
2016,II,Carcharhinus longimanus,Elasmobranchii,Carcharhiniformes,Carcharhinidae,Carcharhinus,HK,SG,NULL,1200,1200,1200,1200,2400,fins,kg,T,O
2016,II,Macaca fascicularis,Mammalia,Primates,Cercopithecidae,Macaca,CN,US,CN,0.00216,2.16,2.16,0.00216,0.00432,specimens,g,M,C
2016,II,Macaca fascicularis,Mammalia,Primates,Cercopithecidae,Macaca,DE,US,CN,0.009,9,18,0.018,0.027,specimens,g,M,C
2016,II,Macaca fascicularis,Mammalia,Primates,Cercopithecidae,Macaca,GB,US,CN,0.1136,113.6,130,0.13,0.2436,specimens,g,M,C
2016,II,Macaca fascicularis,Mammalia,Primates,Cercopithecidae,Macaca,US,GB,MU,0.38,380,380,0.38,0.76,specimens,g,M,C
2016,II,Macaca fascicularis,Mammalia,Primates,Cercopithecidae,Macaca,US,GB,MU,2.8688,2868.8,2868.8,2.8688,5.7376,specimens,g,M,F
2016,II,Macaca fascicularis,Mammalia,Primates,Cercopithecidae,Macaca,US,GB,MU,1.2,1.2,1.2,1.2,2.4,specimens,kg,M,C
2016,II,Macaca fascicularis,Mammalia,Primates,Cercopithecidae,Macaca,US,GB,MU,20,20,279.269,279.269,299.269,specimens,kg,M,F
2016,II,Crocodylus porosus,Reptilia,Crocodylia,Crocodylidae,Crocodylus,TR,FR,AU,174.08,174.08,174.08,174.08,348.16,skin pieces,kg,T,C
2016,II,Crocodylus porosus,Reptilia,Crocodylia,Crocodylidae,Crocodylus,TR,FR,AU,96.36,96.36,96.36,96.36,192.72,skin pieces,kg,T,R
2016,II,Crocodylus porosus,Reptilia,Crocodylia,Crocodylidae,Crocodylus,TR,FR,PG,51.84,51.84,51.84,51.84,103.68,skin pieces,kg,T,C
2016,II,Python reticulatus,Reptilia,Serpentes,Pythonidae,Python,US,IT,ID,0.17,0.17,0.174,0.174,0.344,skin pieces,kg,T,W
2016,II,Prunus africana,null,Rosales,Rosaceae,Prunus,AR,IN,CD,1,1,1,1,2,extract,kg,T,W
2016,II,Prunus africana,null,Rosales,Rosaceae,Prunus,ES,US,CM,0.5,0.5,1,1,1.5,extract,kg,T,W
2016,II,Prunus africana,null,Rosales,Rosaceae,Prunus,FR,MG,CM,425,425,425,425,850,extract,kg,T,W
2016,II,Prunus africana,null,Rosales,Rosaceae,Prunus,IN,FR,CM,8437,8437,8437,8437,16874,bark,kg,T,W
2016,II,Prunus africana,null,Rosales,Rosaceae,Prunus,JP,IT,CM,0.063,0.063,0.063,0.063,0.126,extract,kg,T,W
2016,II,Prunus africana,null,Rosales,Rosaceae,Prunus,MG,FR,CM,104586,104586,71492,71492,176078,bark,kg,T,W
2016,II,Prunus africana,null,Rosales,Rosaceae,Prunus,US,ES,UG,2197,2197,3293,3293,5490,extract,kg,T,W
2016,II,Sphyrna mokarran,Elasmobranchii,Carcharhiniformes,Sphyrnidae,Sphyrna,HK,SG,NULL,4750,4750,4750,4750,9500,fins,kg,T,O
2016,II,Strombus gigas,Gastropoda,Mesogastropoda,Strombidae,Strombus,NZ,SB,NULL,0.8,0.8,,0,0.8,shells,kg,P,W
2016,II,Strombus gigas,Gastropoda,Mesogastropoda,Strombidae,Strombus,US,CN,HN,20654,20654,,0,20654,meat,kg,T,W
2016,II,Hippocampus spp.,Actinopteri,Syngnathiformes,Syngnathidae,Hippocampus,US,CN,NULL,3,3,,0,3,extract,kg,T,I
2016,II,Taxus wallichiana,null,Pinales,Taxaceae,Taxus,CN,AE,NP,20,20,20,20,40,extract,kg,T,W
2016,II,Aquilaria crassna,null,Myrtales,Thymelaeaceae,Aquilaria,AE,SG,TH,20,20,48.3,48.3,68.3,oil,kg,T,A
2016,II,Aquilaria crassna,null,Myrtales,Thymelaeaceae,Aquilaria,AE,SG,TH,7,7,18.7,18.7,25.7,oil,kg,T,W
2016,II,Aquilaria crassna,null,Myrtales,Thymelaeaceae,Aquilaria,ES,AE,TH,96,96,96,96,192,oil,kg,T,A
2016,II,Aquilaria crassna,null,Myrtales,Thymelaeaceae,Aquilaria,FR,AE,TH,14.1,14.1,12,12,26.1,oil,kg,T,A
2016,II,Aquilaria crassna,null,Myrtales,Thymelaeaceae,Aquilaria,HK,SG,TH,2,2,2,2,4,oil,kg,T,A
2016,II,Aquilaria crassna,null,Myrtales,Thymelaeaceae,Aquilaria,KW,SG,TH,18.7,18.7,17.7,17.7,36.4,chips,kg,T,A
2016,II,Aquilaria crassna,null,Myrtales,Thymelaeaceae,Aquilaria,SG,AE,TH,11.25,11250,11250,11.25,22.5,chips,g,T,A
2016,II,Aquilaria crassna,null,Myrtales,Thymelaeaceae,Aquilaria,SG,AE,TH,4,4,4,4,8,chips,kg,T,A
2016,II,Aquilaria crassna,null,Myrtales,Thymelaeaceae,Aquilaria,US,FR,LA,1,1,0.802,0.802,1.802,extract,kg,T,A
2016,II,Aquilaria filaria,null,Myrtales,Thymelaeaceae,Aquilaria,AE,SG,ID,8062.85,8062.85,30307.74,30307.74,38370.59,chips,kg,T,W
2016,II,Aquilaria filaria,null,Myrtales,Thymelaeaceae,Aquilaria,AE,SG,ID,27.4,27.4,18600,18600,18627.4,powder,kg,T,W
2016,II,Aquilaria filaria,null,Myrtales,Thymelaeaceae,Aquilaria,CN,SG,ID,1036,1036,3,3,1039,chips,kg,T,W
2016,II,Aquilaria filaria,null,Myrtales,Thymelaeaceae,Aquilaria,HK,SG,ID,136.66,136.66,141.76,141.76,278.42,chips,kg,T,W
2016,II,Aquilaria filaria,null,Myrtales,Thymelaeaceae,Aquilaria,HK,SG,ID,35,35,35,35,70,powder,kg,T,W
2016,II,Aquilaria filaria,null,Myrtales,Thymelaeaceae,Aquilaria,JP,HK,ID,340,340,340,340,680,powder,kg,T,O
2016,II,Aquilaria filaria,null,Myrtales,Thymelaeaceae,Aquilaria,JP,SG,ID,1974.55,1974.55,2069.9,2069.9,4044.45,chips,kg,T,W
2016,II,Aquilaria filaria,null,Myrtales,Thymelaeaceae,Aquilaria,KW,AE,ID,677.8,677.8,1258.4684,1258.4684,1936.2684,chips,kg,T,W
2016,II,Aquilaria filaria,null,Myrtales,Thymelaeaceae,Aquilaria,KW,SG,ID,2304.2,2304.2,3654.1,3654.1,5958.3,chips,kg,T,W
2016,II,Aquilaria filaria,null,Myrtales,Thymelaeaceae,Aquilaria,SG,AE,ID,1641,1641,1643,1643,3284,chips,kg,T,W
2016,II,Aquilaria filaria,null,Myrtales,Thymelaeaceae,Aquilaria,SG,HK,ID,35.5,35.5,35.5,35.5,71,chips,kg,T,W
2016,II,Aquilaria malaccensis,null,Myrtales,Thymelaeaceae,Aquilaria,AE,IN,ID,979.6,979.6,12187.663,12187.663,13167.263,chips,kg,T,W
2016,II,Aquilaria malaccensis,null,Myrtales,Thymelaeaceae,Aquilaria,AE,IN,TH,220,220,320,320,540,chips,kg,T,A
2016,II,Aquilaria malaccensis,null,Myrtales,Thymelaeaceae,Aquilaria,AE,SG,ID,250,250,36321.23,36321.23,36571.23,chips,kg,T,W
2016,II,Aquilaria malaccensis,null,Myrtales,Thymelaeaceae,Aquilaria,AE,SG,MY,770,770,4835.05,4835.05,5605.05,chips,kg,T,W
2016,II,Aquilaria malaccensis,null,Myrtales,Thymelaeaceae,Aquilaria,AE,SG,MY,5.7,5.7,6.7,6.7,12.4,oil,kg,T,W
2016,II,Aquilaria malaccensis,null,Myrtales,Thymelaeaceae,Aquilaria,AE,SG,TH,162,162,834,834,996,chips,kg,T,A
2016,II,Aquilaria malaccensis,null,Myrtales,Thymelaeaceae,Aquilaria,CN,SG,ID,3996,3996,3996,3996,7992,chips,kg,T,W
2016,II,Aquilaria malaccensis,null,Myrtales,Thymelaeaceae,Aquilaria,FR,AE,TH,11,11,3.4,3.4,14.4,oil,kg,T,W
2016,II,Aquilaria malaccensis,null,Myrtales,Thymelaeaceae,Aquilaria,HK,SG,ID,2030,2030,2037,2037,4067,chips,kg,T,W
2016,II,Aquilaria malaccensis,null,Myrtales,Thymelaeaceae,Aquilaria,HK,SG,ID,50.5,50.5,50.5,50.5,101,powder,kg,T,W
2016,II,Aquilaria malaccensis,null,Myrtales,Thymelaeaceae,Aquilaria,HK,SG,MY,1612.77,1612.77,2665.354,2665.354,4278.124,chips,kg,T,W
2016,II,Aquilaria malaccensis,null,Myrtales,Thymelaeaceae,Aquilaria,IN,AE,ID,190,190,190,190,380,chips,kg,T,W
2016,II,Aquilaria malaccensis,null,Myrtales,Thymelaeaceae,Aquilaria,SG,JP,MY,347.8,347.8,347.8,347.8,695.6,chips,kg,T,W
2016,II,Ursus spp.,Mammalia,Carnivora,Ursidae,Ursus,US,DK,FI,0.4,400,0,0,0.4,meat,g,P,I
2016,II,Ursus arctos,Mammalia,Carnivora,Ursidae,Ursus,JP,HK,RU,4.75,4.75,4.75,4.75,9.5,powder,kg,T,W
2016,II,Nardostachys grandiflora,null,Dipsacales,Valerianaceae,Nardostachys,FR,AE,NP,5,5,5,5,10,oil,kg,T,W
2016,II,Bulnesia sarmientoi,null,Sapindales,Zygophyllaceae,Bulnesia,AR,ES,PY,100,100,320,320,420,extract,kg,T,W
2016,II,Bulnesia sarmientoi,null,Sapindales,Zygophyllaceae,Bulnesia,JP,FR,PY,830,830,740,740,1570,oil,kg,T,W
2016,II,Bulnesia sarmientoi,null,Sapindales,Zygophyllaceae,Bulnesia,PE,ES,PY,25,25,2,2,27,oil,kg,T,W
2016,II,Bulnesia sarmientoi,null,Sapindales,Zygophyllaceae,Bulnesia,SG,GB,PY,525,525,300,300,825,oil,kg,T,W
2016,II,Bulnesia sarmientoi,null,Sapindales,Zygophyllaceae,Bulnesia,SG,NL,PY,3130,3130,3130,3130,6260,oil,kg,T,W
2016,II,Bulnesia sarmientoi,null,Sapindales,Zygophyllaceae,Bulnesia,US,ES,PY,700,700,700,700,1400,extract,kg,T,W
2016,II,Bulnesia sarmientoi,null,Sapindales,Zygophyllaceae,Bulnesia,US,ES,PY,175,175,175,175,350,oil,kg,T,W
2016,II,Bulnesia sarmientoi,null,Sapindales,Zygophyllaceae,Bulnesia,US,FR,PY,50,50,105,105,155,extract,kg,T,W
2016,II,Bulnesia sarmientoi,null,Sapindales,Zygophyllaceae,Bulnesia,US,GB,PY,20,20,20,20,40,extract,kg,T,W
2016,II,Guaiacum sanctum,null,Sapindales,Zygophyllaceae,Guaiacum,DE,CH,MX,0.06,0.06,0,0,0.06,powder,kg,T,W
2016,III,Corallium elatius,Anthozoa,Gorgonacea,Coralliidae,Corallium,HK,IT,JP,0.635,0.635,0,0,0.635,carvings,kg,T,O
2016,III,Corallium japonicum,Anthozoa,Gorgonacea,Coralliidae,Corallium,HK,CH,NULL,0.159,0.159,0,0,0.159,carvings,kg,T,O
2016,III,Corallium japonicum,Anthozoa,Gorgonacea,Coralliidae,Corallium,HK,IT,TW,1.6,1.6,0,0,1.6,carvings,kg,T,O
2016,III,Corallium japonicum,Anthozoa,Gorgonacea,Coralliidae,Corallium,HK,IT,TW,2.145,2.145,0,0,2.145,raw corals,kg,T,O
2016,III,Corallium japonicum,Anthozoa,Gorgonacea,Coralliidae,Corallium,US,TW,JP,0.7661,766.1,0,0,0.7661,carvings,g,T,W
2016,III,Corallium konjoi,Anthozoa,Gorgonacea,Coralliidae,Corallium,US,HK,JP,1.501,1501,0,0,1.501,carvings,g,T,O
2016,III,Corallium secundum,Anthozoa,Gorgonacea,Coralliidae,Corallium,DE,TW,NULL,0.2516,251.6,0,0,0.2516,raw corals,g,T,W
2016,III,Corallium secundum,Anthozoa,Gorgonacea,Coralliidae,Corallium,US,HK,VN,0.06472,64.72,0,0,0.06472,carvings,g,T,W
2016,III,Corallium secundum,Anthozoa,Gorgonacea,Coralliidae,Corallium,US,TW,JP,0.82105,821.05,0,0,0.82105,carvings,g,T,W
2016,III,Mustela sibirica,Mammalia,Carnivora,Mustelidae,Mustela,US,DE,CN,1.533,1533,9904.904,9.904904,11.437904,hair,g,T,W
2016,III,Mustela sibirica,Mammalia,Carnivora,Mustelidae,Mustela,US,DE,CN,111,111,11.168,11.168,122.168,hair,kg,T,W
2016,III,Mustela sibirica,Mammalia,Carnivora,Mustelidae,Mustela,US,ES,CN,0.5385,538.5,4280.03,4.28003,4.81853,hair,g,T,W
2016,III,Odobenus rosmarus,Mammalia,Carnivora,Odobenidae,Odobenus,GB,NO,NULL,28,28,0,0,28,bones,kg,S,O
2016,III,Pavo cristatus,Aves,Galliformes,Phasianidae,Pavo,US,HK,CN,96,96,0,0,96,feathers,kg,T,C
2016,III,Pavo cristatus,Aves,Galliformes,Phasianidae,Pavo,US,IT,CN,5,5,0,0,5,feathers,kg,E,C
2016,III,Pavo cristatus,Aves,Galliformes,Phasianidae,Pavo,US,KE,GB,60.5,60.5,246.5,246.5,307,feathers,kg,T,C
2016,III,Pavo cristatus,Aves,Galliformes,Phasianidae,Pavo,US,KE,IN,1,1,218.6,218.6,219.6,feathers,kg,T,C
2016,III,Pavo cristatus,Aves,Galliformes,Phasianidae,Pavo,US,KE,IS,0.02,20,0,0,0.02,feathers,g,T,C
2016,III,Pavo cristatus,Aves,Galliformes,Phasianidae,Pavo,US,KE,IS,3500.04,3500.04,0.12,0.12,3500.16,feathers,kg,T,C
2016,III,Pavo cristatus,Aves,Galliformes,Phasianidae,Pavo,US,KE,US,0.14,140,226.28,0.22628,0.36628,feathers,g,T,C
2016,III,Pavo cristatus,Aves,Galliformes,Phasianidae,Pavo,US,KH,CN,0.147,147,381,0.381,0.528,feathers,g,T,C
2016,III,Pavo cristatus,Aves,Galliformes,Phasianidae,Pavo,US,KH,CN,0.257,257,762,0.762,1.019,specimens,g,T,C
2016,III,Pavo cristatus,Aves,Galliformes,Phasianidae,Pavo,US,TH,CN,0.05,0.05,0,0,0.05,feathers,kg,T,W
2016,III,Civettictis civetta,Mammalia,Carnivora,Viverridae,Civettictis,JP,FR,ET,0.3,0.3,1.9,1.9,2.2,extract,kg,T,W
2016,III,Civettictis civetta,Mammalia,Carnivora,Viverridae,Civettictis,US,FR,ET,4,4,3.5,3.5,7.5,extract,kg,T,W
